Designator,Footprint,Quantity,Value,LCSC Part #
"C1, C19, C21, C24, C26",C_0805_2012Metric,5,0.1uF,
"C10, C9",C_0805_2012Metric,2,47pF,
"C11, C17",C_0805_2012Metric,2, 0.1µF,CL10B104KB8NNNL
"C12, C13, C14, C5",CP_Radial_D5.0mm_P2.50mm,4,220uF,
C15,C_0805_2012Metric,1,10µF,GRM188D71A106KA73D
C16,C_0805_2012Metric,1,10uF,GRM21BR71A106KA73K
"C18, C2, C20",C_0805_2012Metric,3,1 µF,CL21B105KBFNNNF
"C22, C6, C7, C8",C_0805_2012Metric,4,100nF,
C23,CP_Radial_D5.0mm_P2.50mm,1,47uF,
"C25, C27",C_0805_2012Metric,2,10nF,
"C3, C4",C_0805_2012Metric,2,27pF,
J1,DSUB-15-HD_Female_Horizontal_P2.29x1.98mm_EdgePinOffset3.03mm_Housed_MountingHolesOffset4.94mm,1,RGB,
L1,L_1206_3216Metric,1,4.7µH,MLZ2012M4R7HT000
"L2, L3",L_1206_3216Metric,2,4.7uH,
Q1,SOT-23,1,BC817,
"R1, R3, R4, R5, R6",R_0805_2012Metric,5,4K7,
R10,R_0805_2012Metric,1,75,
"R11, R13, R14",R_0805_2012Metric,3,100,
R12,C_0805_2012Metric,1,10k,RC0603FR-0710KL
"R15, R16, R17",R_0805_2012Metric,3,75R,
R2,R_0805_2012Metric,1,10M,
R7,R_0805_2012Metric,1,1K,
R8,R_0805_2012Metric,1,100R,
R9,R_0805_2012Metric,1,220R,
"RV1, RV2, RV3",Potentiometer_Bourns_3314G_Vertical,3,500R,
U1,SO-16_3.9x9.9mm_P1.27mm,1,74HC138,74HC138
U2,SO-14_3.9x8.65mm_P1.27mm,1,74HC32,74HC32
U3,LQFP-128_28x28mm_P0.8mm,1,V9990,V9990
"U4, U5",SOJ-40_400mil,2,KM428C256,
U6,VSSOP-10_3x3mm_P0.5mm,1,LMH1980,LMH1980MM/NOPBCT
X1,Oscillator_DIP-8,1,14.31818MHz ,CE3291-14.318180
Y1,Crystal_HC49-U_Vertical,1,21.47727Mhz,
